lat,long,site.id,site.name,ACERX,BETULA,Sum.Other.Conifer,LARIXPSEU,Sum.Other.Deciduous,FAGUS,FRAXINUX,Sum.Other.Herbaceous,Sum.Prairie.Herbs,Other,PICEAX,PINUSX,QUERCUS,TILIA,TSUGAX,ULMUS,SettleBiomass,ppt_annual,ppt_01,ppt_02,ppt_03,ppt_04,ppt_05,ppt_06,ppt_07,ppt_08,ppt_09,ppt_10,ppt_11,ppt_12,tmean_annual,tmean_01,tmean_02,tmean_03,tmean_04,tmean_05,tmean_06,tmean_07,tmean_08,tmean_09,tmean_10,tmean_11,tmean_12
NA,NA,NA,Dawson.Reduced.taxa.,ACERX,BETULA,Sum.Other.Conifer,LARIXPSEU,Sum.Other.Deciduous,FAGUS,FRAXINUX,Other.Herbaceous,Prairie.Herbs,Other,PICEAX,PINUSX,QUERCUS,TILIA,TSUGAX,ULMUS,NA,NA,NA,NA,NA,NA,NA,NA,NA,NA,NA,NA,NA,NA,NA,NA,NA,NA,NA,NA,NA,NA,NA,NA,NA,NA,NA
42.78895,-88.8432,10506,Lima Bog,1,7,0,6,12,0,1,22,169,25,2,21,72,0,1,1,25.50913809,884.7399902,33.77999878,34.63999939,50.5,88.33999634,94.58000183,111.0199966,99.08000183,107.3499985,85.48999786,70.34999847,64.23000336,45.38000107,8.442083359,-6.859999657,-4.519999981,1.380000114,8.420000076,14.45499992,19.88500023,22.07999992,21.07999992,16.75500107,9.970000267,3.095000029,-4.434999943
43.1,-89.41667,1679,Lake Mendota,3,19,1,0,50,10,12,20,135,52,4,60,424,1,5,30,23.28594292,901.6000366,31.22999954,35.63999939,53.13999939,93.68000031,99.06999969,121.6900024,105.5500031,103.9000015,87.65000153,66.18000031,61.38000107,42.49000168,8.062916756,-7.489999771,-5.074999809,0.960000038,8.18500042,14.26000023,19.72999954,22,20.89999962,16.23500061,9.519999504,2.545000076,-5.014999866
43.4,-88.1,1944,Radtke Lake,34,123,5,4,225,31,65,26,155,37,2,49,628,13,5,88,84.44352347,841.9400024,37.31000137,32.63999939,45.88000107,86.72000122,83.58999634,97.05999756,99.58000183,100.0199966,85.16000366,68.12000275,62.25999832,43.59999847,7.878749847,-6.809999943,-4.625,0.595000029,7.289999962,13.21000099,18.79500008,21.33499908,20.61499977,16.22999954,9.595000267,2.695000172,-4.380000114
43.4178,-89.73205,666,Devils Lake,19,128,44,3,220,8,70,107,459,512,5,344,1375,6,16,64,30.69265548,892.3099976,28.43000031,28.94000053,47.79000092,89.90000153,96.87999725,127.0400009,112.5899963,111.5400009,92.06999969,63.45000076,57.65000153,36.02999878,7.967916489,-7.440000057,-4.980000019,0.984999895,8.324999809,14.39999962,19.55500031,21.54500008,20.61499977,16.28499985,9.650000572,1.985000014,-5.309999943
43.48,-85,661,Demont Lake,22,56,26,6,89,51,27,13,152,11,69,294,173,0,16,29,143.0705048,849.7800293,46.54999924,38.56000137,52.54999924,75.73999786,90.22000122,87.23999786,76.47000122,89.65000153,90.69000244,76.33000183,74.19000244,51.59000015,7.842083454,-6.059999943,-4.785000324,0.139999866,7.234999657,13.40500069,18.68999863,21.04999924,20.03000069,15.54500008,9.045000076,2.935000181,-3.125
43.56928,-95.59275,6507,Ocheda Lake,94,22,12,1,41,0,21,194,534,98,5,107,87,0,0,10,0.000339669,738.7700195,16.81999969,15.52999973,44.36000061,80.55999756,92.69000244,117.4400024,88.12000275,91.90000153,82.04000092,51.61000061,36.18999863,21.51000023,6.961666584,-9.519999504,-6.894999981,-0.674999952,7.204999924,14.06999969,19.61000061,22.10499954,20.73999977,15.65999985,8.604999542,0.150000095,-7.514999866
43.6176,-93.43875,7549,Everhart Lake,5,38,6,0,96,0,22,183,635,136,1,77.5,702.5,5,2,30,7.481881021,859.2600098,22.38999939,18.25,48.45000076,84.36000061,110.4300003,118.4599991,120.8899994,110.7099991,92.59999847,58.59000015,43.63000107,30.5,7.360833168,-9.420000076,-6.909999847,-0.170000076,7.775000095,14.49499989,20.13999939,22.09000015,20.96000099,16.21500015,9.130000114,0.975000024,-6.950000286
43.65255,-93.284,7543,Albert Lea Lake,1,6,2,0,20,0,4,45,251,813,3,26,82,1,0,6,7.938661081,865.4299927,20.14999962,18.32999992,47.74000168,86.09999847,109.6200027,118.6699982,124.1800003,112.25,93.91999817,60.52999878,44.56000137,29.37999916,7.291249752,-9.475000381,-6.950000286,-0.215000153,7.740000248,14.44999886,20.01000023,22.01499939,20.83500099,16.12999916,9.100000381,0.914999962,-7.059999943
43.7195,-95.228,6506,South Heron Lake,23,36,28,1,73,0,50,576,791,139,4,151,188,1,0,36,0.014481946,739.0800171,15.77999973,14.13000011,43.27999878,79.55000305,92.63999939,113.0699997,96.87000275,97.33000183,79.84999847,50.31999969,35.97000122,20.29000092,7.087500095,-9.494999886,-6.904999733,-0.505000114,7.454999924,14.31999969,19.78999901,22.04000092,20.61000061,15.94000053,8.899999619,0.3349998,-7.434999943
43.80016,-89.59428,10160,Emrick Lake,8,14,1,3,34,3,8,24,46,32,3,141,231,1,2,14,22.98847845,855.8900146,28.30999947,28.55999947,45.66999817,82.01999664,95.29000092,117.2799988,110.9800034,100.5,92.45999908,62.36999893,56.63999939,35.81000137,7.574166298,-7.985000134,-5.575000286,0.434999943,7.824999809,14.07499981,19.36999893,21.59000015,20.45999908,15.90999985,9.039999962,1.63500011,-5.890000343
43.90284,-93.41723,10144,Saint Olaf Lake,17.5,78,39.5,1,275.5,0,49,376.5,1280,374.5,6.5,185,1354.5,15,4.5,70,3.588500912,839.8399658,20.88999939,17.68000031,46.72000122,79.12000275,102.6100006,116.1999969,116.0899963,114.75,91.16999817,62.50999832,44.06999969,28.03000069,7.226249695,-9.555000305,-7.005000114,-0.299999952,7.759999752,14.45499992,19.95999908,21.90499878,20.65999985,16.07999992,9.130000114,0.834999919,-7.210000038
43.92945,-93.0815,8565,Oak Glen Lake,12,83,22,0,200.5,0,26,322,887,103,7.5,165.5,915,5,6,60,6.44858162,871.5299683,23.76000023,18.34000015,46.25999832,82.93000031,105.3099976,116.2099991,126.2600021,115.3799973,99.73000336,59.95999908,49.5,27.88999939,7.147500038,-9.505000114,-7.029999733,-0.399999857,7.670000076,14.27000046,19.67499924,21.72000122,20.53000069,15.98999977,9.095000267,0.914999962,-7.159999847
44.02276,-85.28333,10242,Hicks Lake,38,79,93,2,117,109,17,2,40,110,174,931,175,15,398,40,132.0619406,848.5800171,50.38000107,38.40999985,49.13000107,75.27999878,82.51000214,87.63999939,70.44999695,95.87999725,96.62000275,82.15000153,66.80000305,53.33000183,6.442083359,-7.434999943,-6.370000362,-1.599999905,5.849999905,12.03000069,17.31500053,19.62000084,18.625,14.1449995,7.735000134,1.689999938,-4.299999714
44.05,-87.73333,833,Gass Lake,24,107,7,2,119,54,100,33,136,42,2,149,161,5,8,48,111.7325725,781.539978,36.22000122,31.37999916,38.58000183,79.55000305,78.36000061,92.55999756,86.83999634,91.80000305,76.27999878,67.76999664,57.41999817,44.77999878,7.41291666,-6.985000134,-5.229999542,0.029999971,6.485000134,12.27000046,18.02499962,20.80500031,20.19499969,15.94499969,9.340000153,2.610000134,-4.535000324
44.15,-91.45,2534,Tamarack Creek,2,9,1,128,13,0,1,248,36,1,2,185,66,0,0,3,17.01714622,873.0899658,25.32999992,24.71999931,47.27000046,90.73999786,97.98000336,107.7699966,110.9400024,119.6200027,99.26999664,61.45999908,54.75999832,33.22999954,7.544583321,-8.859999657,-6.164999962,0.274999857,8.114999771,14.29000092,19.52500153,21.93000031,20.86499977,16.12999916,9.385000229,1.394999981,-6.349999905
44.21895,-93.84015,8552,Kimble Pond,2,2,13,0,19,0,38,22,587,26,2,9,65,6,0,92,27.6431399,793.8699951,21.03000069,16.87999916,45.38000107,73.09999847,93.87999725,123.4199982,100.25,110.75,78.88999939,61.40999985,42.02000046,26.86000061,7.240417004,-9.630000114,-6.949999809,-0.184999943,7.815000057,14.59500027,20.01499939,22.00500107,20.68500137,16.04000092,9.034999847,0.674999952,-7.215000153
44.22611,-93.82982,1720,Mud Lake,16,52,6,0,113,1,15,127,3292,115,3,128,851,38,4,95,27.6431399,793.8699951,21.03000069,16.87999916,45.38000107,73.09999847,93.87999725,123.4199982,100.25,110.75,78.88999939,61.40999985,42.02000046,26.86000061,7.240417004,-9.630000114,-6.949999809,-0.184999943,7.815000057,14.59500027,20.01499939,22.00500107,20.68500137,16.04000092,9.034999847,0.674999952,-7.215000153
44.2329,-93.87066,841,George Lake,16,54,2,1,167,1,17,120,551,90,9,168,702,46,3,98,29.03168058,790.8699951,21.32999992,16.98999977,46.18000031,72.55000305,93.62999725,123.1100006,99.83999634,109.1100006,77.52999878,60.93000031,42.54999924,27.12000084,7.290833473,-9.605000496,-6.900000095,-0.144999981,7.900000095,14.66499996,20.03499985,22.09000015,20.76000023,16.11000061,9.074999809,0.679999828,-7.175000191
44.23806,-87.84806,1411,Kellners Lake,34,180,2,9,119,84,51,38,63,123,7,223,304,8,29,58,103.8349068,786.0899658,32,28.07999992,43.20000076,71.91999817,82.97000122,99.04000092,93.37999725,89.38999939,83.87999725,68.22000122,55.59999847,38.40999985,7.146249771,-8,-5.965000153,-0.24000001,6.924999714,13.25500011,18.79999924,20.81000137,19.94499969,15.53999901,8.684999466,1.670000076,-5.670000076
44.29648,-93.73571,299,Bossuot Lake,81,46,8,0,332,0,44,112,721,155,8,138,695,71,5,242,28.40168273,788.7199707,21.70000076,17.55999947,47.18999863,70.95999908,93.18000031,115.5299988,100.6800003,110.9199982,79.04000092,60.61000061,43.66999817,27.68000031,7.22124958,-9.659999847,-6.995000362,-0.235000134,7.835000038,14.58500004,19.98999977,21.99499893,20.65499878,16.03999901,9.045000076,0.640000105,-7.240000248
44.30865,-93.92,7535,Lake Emily,11,31,22,0,163,0,29,116,546,94,1,87,450,20,4,66,22.39104582,785.6099854,21.62999916,17,47.13000107,70.72000122,92.5,121.8600006,100.4100037,107.9300003,76.94999695,59.81000137,42.29000092,27.37999916,7.293749809,-9.614999771,-6.90500021,-0.139999866,7.914999962,14.67499924,20.02999878,22.11000061,20.77000046,16.11499977,9.074999809,0.674999952,-7.180000305
44.35444,-93.36594,9825,Kelly-Dudley Lake,0,1,0,0,10,0,0,0,96,17,0,13,52,1,0,10,21.74110958,812.9500122,21.95000076,18.52000046,47.36999893,70.01000214,97.19999695,111.8399963,103.0800018,119.7099991,87.26000214,61.88000107,45.61999893,28.51000023,7.200000286,-9.659999847,-7.059999943,-0.355000019,7.820000172,14.5,19.95000076,22.01000023,20.69499969,16.09000015,9,0.625,-7.214999676
44.45,-87.51556,2274,Seidel,7,49,2,11,29,19,2,54,72,3,3,122,56,1,82,11,113.6704396,772.5100098,34.65000153,29.80999947,39.16999817,69.62000275,75.55000305,91.36000061,86.44999695,89.56999969,82.98999786,72.77999878,61.29000092,39.27000046,7.049583435,-6.84499979,-5.329999924,-0.400000095,5.809999943,11.36999989,17.03499985,20.23500061,19.75499916,15.55000019,9.015000343,2.61500001,-4.215000153
44.47012,-93.61904,767,Eggert Lake,22,37,3,0,173,1,34,89,1226,99,2,75,449,25,4,129,27.46904352,792.6799927,22.04000092,18.19000053,47.20999908,69.15000153,90.80000305,110.9499969,101.9400024,117.1100006,80.47000122,60.95000076,44.34999847,29.52000046,7.139166832,-9.720000267,-7.130000114,-0.380000114,7.78000021,14.51000023,19.85000038,21.95500183,20.64500046,15.99499893,8.925000191,0.569999933,-7.329999924
44.5635,-93.21881,7537,Chub Lake,11,42,1,0,119,0,27,64,311,57,0,134,506,6,4,42,9.232322485,797.3499756,20.59000015,16.86000061,44.25999832,70.84999847,96.70999908,106.0400009,101.9199982,118.1600037,88.69999695,63.27999878,45.36000061,24.62000084,7.326249599,-9.545000076,-6.954999924,-0.234999895,7.940000057,14.58499908,19.97500038,22.24499893,20.93999863,16.22999954,9.095000267,0.734999895,-7.09499979
44.60587,-93.56348,1891,Pleasant Lake,9,50,5,1,130,0,16,98,675,84,8,151,476,11,0,85,27.91625661,775.7399902,17.93000031,15.53999996,41.22999954,65.51999664,94.41000366,111.3600006,99.51000214,120.6999969,80.68000031,59.79000092,43.22000122,25.85000038,7.394583225,-9.574999809,-6.994999886,-0.265000105,8.090000153,14.77999973,20.00500107,22.43999863,21.22500038,16.36000061,9.164999962,0.714999914,-7.210000038
44.6173,-95.68015,7532,Cottonwood Lake,0,2,5,0,16,0,3,90,139,55,1,46,15,0,0,1,0.017348444,669.9500122,17.29000092,15.23999977,41.90999985,65.69000244,78.05000305,101.8700027,86.51000214,79.66999817,77.80999756,51.97999954,35.75999832,18.17000008,7.034583569,-9.849999428,-7.125,-0.714999914,7.43999958,14.56999969,19.97000122,22.18499947,20.73999977,15.97000027,8.649999619,0.130000114,-7.549999714
44.62688,-93.43352,2514,St. Catherines Lake,22,58,18,2,226,0,44,167,1675,111,2,163,1020,30,4,118,24.00200453,779.6900024,19.47999954,16.22999954,42.59000015,65.16999817,94.05000305,108.6299973,100.5999985,119.5599976,82.26999664,61.52000046,43.81999969,25.77000046,7.306666374,-9.630000114,-7.089999676,-0.330000162,7.929999828,14.64500046,19.94999886,22.31499863,21.05999947,16.27000046,9.085000038,0.660000086,-7.18500042
44.69339,-93.3212,9867,Minnreg,0,2,0,0,1,0,0,0,140,8,0,5,39,0,0,3,18.9485783,803.8800049,21.95000076,18.19000053,45.65999985,68.76000214,93.87000275,109.9499969,106.3799973,117.4899979,85.88999939,63.00999832,45.61999893,27.11000061,7.380416393,-9.539999962,-7.035000324,-0.315000057,8,14.72000027,20.01499939,22.38499832,21.15499878,16.36499977,9.184999466,0.73999989,-7.110000134
44.7,-84.95833,518,Cub Lake,132,156,1,8,87,193,10,8,51,13,8,754,117,3,371,62,107.912169,843.8499756,51.56000137,37.47000122,46.50999832,67.51999664,76.76999664,84.43000031,77.58000183,89.66999817,94.61000061,89.45999908,71.19000244,57.08000183,6.071249962,-7.849999905,-6.925000191,-2.24000001,5.289999962,11.76000023,17.03000069,19.25500107,18.23999977,14,7.56499958,1.375,-4.644999981
44.70722,-93.49765,327,Campbell Lake,19,71,6,2,214,1,16,176,536,193,9,315,963,25,2,88,24.64415353,788.5100098,20.54000092,17.40999985,44.22999954,66.25,92.54000092,109.1699982,104.1699982,119.0199966,83.37000275,60.84000015,44.47999954,26.48999977,7.412083149,-9.659999847,-7.065000057,-0.349999905,8.034999847,14.78999996,20.07500076,22.56000137,21.375,16.43999863,9.239999771,0.73999989,-7.235000134
44.709,-94.4935,6521,Round Grove Lake,13.5,93,24.5,2,158,0,33,353.5,950.5,240.5,11,236,413,7,3,94,0.039980242,744.8900146,18.59000015,16.62999916,42.83000183,67.20999908,86.72000122,112.0500031,93.23999786,102.9199982,87.45999908,53.61000061,39.77000046,23.86000061,7.020416737,-10.28000069,-7.409999847,-0.59499979,7.789999962,14.65500069,19.99500084,22.28499985,20.80500031,15.99499893,8.784999847,0.120000124,-7.900000095
44.71163,-93.34111,1724,Murphy Lake,22,142,27,4,280,2,29,168,742,115,9,278,1437,24,7,122,17.43284025,803.8800049,21.95000076,18.19000053,45.65999985,68.76000214,93.87000275,109.9499969,106.3799973,117.4899979,85.88999939,63.00999832,45.61999893,27.11000061,7.380416393,-9.539999962,-7.035000324,-0.315000057,8,14.72000027,20.01499939,22.38499832,21.15499878,16.36499977,9.184999466,0.73999989,-7.110000134
44.75815,-93.16449,799,Farquar Lake,8,109,5,1,157,0,17,65,713,83,8,223,642,12,6,61,15.2383314,820.0599976,23.85000038,19.70000076,47.54999924,71.41000366,96.22000122,110.2600021,110.4300003,113.1299973,87.16999817,65.01999664,46.50999832,28.80999947,7.561666965,-9.325000763,-6.760000229,-0.049999952,8.18500042,14.81499958,20.11000061,22.59500122,21.34500122,16.53000069,9.340000153,0.874999881,-6.920000076
44.75836,-93.11674,1409,Kegan Lake,3,77,0,0,87,0,7,95,334,58,6,219,488,2,3,37,15.2383314,823.8599854,24.09000015,19.94000053,47.99000168,71.84999847,96.94999695,110.0999985,111.4700012,112.4499969,87.76000214,65.48999786,46.75,29.02000046,7.572500229,-9.305000305,-6.730000019,0.059999943,8.180000305,14.81500053,20.11000061,22.61500168,21.35499954,16.53000069,9.31499958,0.844999909,-6.920000076
44.77085,-93.12255,1483,Kirchner Marsh,1,42,1,0,46,0,5,382,229,188,3,192,499,2,0,26,15.2383314,820.7299805,24.27000046,20.25,46.93999863,71.68000031,96,110.1999969,111.5699997,111.5699997,87.70999908,64.77999878,46.31999969,29.44000053,7.662917137,-9.194999695,-6.625,0.080000162,8.260000229,14.89500046,20.18500137,22.72999954,21.48999977,16.63500023,9.395000458,0.920000076,-6.81499958
44.77528,-93.44692,7534,Deans Lake,7,40,8,1,44,0,8,88,312,630,3.5,131,371,1,4,9,22.17746351,803.0299683,21.69000053,17.90999985,44.34999847,69.84999847,93.25,110.0800018,108.8399963,114.9199982,88.26999664,61.52999878,45.27000046,27.06999969,7.863333225,-9.069999695,-6.470000267,0.244999886,8.48500061,15.21000004,20.45499992,23.04999924,21.82999992,16.77999878,9.640000343,1.059999943,-6.855000019
44.79985,-93.15975,1548,Lake Carlson,18,102,1,0,161,5,37,68,505,69,9,174,977,16,0,71,24.10028595,818.0800171,24.15999985,20.12000084,46.65000153,71.41000366,95.31999969,110.1200027,110.8700027,112.2900009,87.23999786,64.41999817,46.13999939,29.34000015,7.685416698,-9.175000191,-6.605000019,0.105000019,8.279999733,14.92499924,20.21999931,22.78000069,21.52000046,16.65500069,9.414999962,0.925000072,-6.819999695
44.8036,-94.5579,29,Lake Allie,9,37,10,0,120,0,25,133,594,61,7,143,272,9,1,52,0.018812152,741.6199951,18.42000008,16.52000046,41.93000031,67.43000031,85.31999969,114.0599976,93.48999786,103.8499985,84.45999908,54.04000092,38.84999847,23.25,6.96208334,-10.34000015,-7.480000019,-0.654999971,7.704999924,14.57999992,19.95000076,22.25,20.74500084,15.90999985,8.734999657,0.085000038,-7.940000057
44.87083,-93.85898,2235,Rutz Lake,19,50,9,6,169,0,31,131,895,142,5,142,572,30,2,75,31.63081917,778.4099731,21.29999924,17.71999931,41.72000122,70.38999939,91.73999786,110.3600006,101.8300018,111.6900024,84.62999725,57.22999954,42.20999908,27.59000015,7.079166412,-10.13500023,-7.385000229,-0.640000105,7.694999695,14.52999973,19.81999969,22.32999992,21.14999962,16.08499908,8.895000458,0.325000048,-7.71999979
44.87472,-93.1,2524,Sunfish Lake,7,79,8,3,86,1,9,66,303,95,10,227,525,9,3,56,26.07203603,821.3099976,25.37999916,20.10000038,46.08000183,71.55000305,94.76999664,113.7699966,109.3899994,109.4300003,86.83999634,65.23999786,48.43000031,30.32999992,7.804583073,-8.965000153,-6.375,0.254999876,8.369999886,15.03999996,20.26000023,22.86000061,21.65499878,16.78999901,9.520000458,0.960000038,-6.714999676
44.89584,-94.20414,2301,Silver Lake,9,86,7,2,154,0,22,212,898,254,8,276,459,14,3,58,34.86666241,749.25,18.03000069,16.14999962,40.38999939,68.05999756,86.05999756,114.7900009,96.05000305,108.9899979,82.47000122,55.79000092,39.24000168,23.22999954,6.904583454,-10.43499947,-7.59499979,-0.769999981,7.635000229,14.51499939,19.81500053,22.23500061,20.84000015,15.88000011,8.729999542,0.005000114,-8
44.9196,-88.15694,11602,Beaver Lake,42,354,168,31,163,63,47,37,94,7,8,440,206,5,434,74,123.455365,788.5200195,32.45000076,26.54000092,44.40999985,67.69999695,83.27999878,95.30000305,94.02999878,89.04000092,87.37000275,72.80000305,56.61000061,38.99000168,6.591666222,-8.949999809,-6.865000248,-1.180000067,6.599999905,12.82999992,18.16499901,20.58499908,19.67499924,15.04999924,8.270000458,1.105000019,-6.184999943
44.94577,-94.42074,824,French Lake,26,96,71,5.5,543.5,1,63,239,1594,138.5,7,162.5,1036,104.5,6,181,24.3542874,730.1400146,17.10000038,15.72000027,39.88000107,66.94999695,82.52999878,116.4300003,91.76000214,106.9100037,78.70999908,55.29000092,37.15999985,21.70000076,6.873749733,-10.55500031,-7.659999847,-0.819999933,7.644999981,14.55500031,19.86499977,22.26499939,20.79000092,15.85499954,8.699999809,-0.065000057,-8.090000153
44.98885,-93.55641,10156,Long Lake,34,44,9.5,6,181,0,23,73,550,110,3.5,134.5,428,14,1,98,28.44322191,800.0100098,20.64999962,18.11000061,41.88000107,71.76999664,93.23000336,113.0299988,109.5,108.9800034,87.94999695,63.36000061,43.40999985,28.13999939,7.301666737,-9.934999466,-7.25,-0.619999886,7.824999809,14.63000011,19.98500061,22.64500046,21.60499954,16.42000008,9.145000458,0.605000138,-7.434999943
44.99,-94.591,6514,Goose Lake,8.5,57,22,1,189,0,39,195.5,589,198,4,144,450,15.5,5,70,4.219150331,736.7600098,17.95000076,16.34000015,39.75999832,66.33999634,83.08000183,118.3700027,94.19999695,103.0299988,81.98000336,57.27999878,36.5,21.93000031,6.754166603,-10.67500019,-7.795000076,-1.004999876,7.525000095,14.45499992,19.70999908,22.10499954,20.70999908,15.79500008,8.565000534,-0.174999952,-8.164999962
45.00373,-93.57456,10169,Wolsfeld Woods Marsh,175,45,4.5,3,646,0,75,1312,706,364,16.5,253.5,1134,104,4.5,283,28.44322191,795.6799927,19.64999962,17.56999969,40.72999954,72.19999695,92.44999695,113.1500015,109.5999985,109.5999985,87.83000183,63.36000061,42.54000092,27,7.227916718,-10.04500008,-7.345000267,-0.710000038,7.760000229,14.57499886,19.94499969,22.59499931,21.54500008,16.35000038,9.085000038,0.534999847,-7.555000305
45.005,-93.5727,2933,Wolsfeld Lake,152.5,133,91.5,15,939,1,102,589,1374,374,23.5,248,1505,114,5,324,28.44322191,795.6799927,19.64999962,17.56999969,40.72999954,72.19999695,92.44999695,113.1500015,109.5999985,109.5999985,87.83000183,63.36000061,42.54000092,27,7.227916718,-10.04500008,-7.345000267,-0.710000038,7.760000229,14.57499886,19.94499969,22.59499931,21.54500008,16.35000038,9.085000038,0.534999847,-7.555000305
45.03503,-93.6305,1814,Pogonia Bog Pond,201,177,57,116,836,0,70,2270,2177,221,9,182.5,1485,88,7,305,28.44322191,788.0900269,19.12999916,17.56999969,39.84999847,72.18000031,91.48000336,113.3199997,107.6900024,108.25,87.40000153,63.09999847,41.43999863,26.68000031,7.147500038,-10.09500027,-7.359999657,-0.720000029,7.710000038,14.51499939,19.84999847,22.44499969,21.41500092,16.22500038,8.984999657,0.435000062,-7.635000229
45.05,-92.825,1586,Lily Lake (US:Minnesota),16,73,6,2,78,0,8,81,170,87,7,177,291,2,5,20,29.37704813,855.539978,23.51000023,19.36000061,43.13000107,75.33999634,102.6100006,120.3499985,110.9700012,114.9800034,93.75,72.76999664,50.27000046,28.5,7.436249733,-9.300000191,-6.835000038,-0.434999943,8.015000343,14.67000008,19.81999969,22.375,21.30500031,16.38999939,9.324999809,0.795000076,-6.889999866
45.06667,-84.78333,1541,Lake 27,39,83,0,0,16,43,6,0,11,3,4,247,38,5,121,26,113.6610521,900.9099731,64.05999756,43.22000122,50.70999908,64.91999817,79.5,79.63999939,76.66999817,93.65000153,98.56999969,97.38999939,79.12999725,73.44999695,6.00124979,-8.079999924,-7.095000267,-2.435000181,5.135000229,11.72999954,16.90499878,19.29500008,18.29000092,14.19999981,7.650000095,1.299999952,-4.879999638
45.19145,-90.608,8573,Eska Lake,10,138,15,1,36,1,3,11,12,19,3,126,30,1,171,2,127.4663367,818.539978,24.37000084,22.45999908,39.99000168,68.52999878,86.12999725,108.4300003,97.87000275,109.0500031,103.8300018,73.81999969,52.11999893,31.94000053,5.149166584,-11.14500046,-8.744999886,-2.460000038,5.574999809,12.05500031,16.98999977,19.30500031,18.39500046,13.71000004,6.949999809,-0.494999886,-8.345000267
45.324,-95.27935,7533,Monson Lake,12,30,7.5,1,113,0,18,123.5,399.5,68,6,82,262.5,12,1,15.5,1.277256751,709.2999878,18.45000076,17.54000092,42.29999924,59.25,80.08999634,115.4400024,91.83999634,99.04000092,77.27999878,60.68999863,28.48999977,18.88999939,6.327916622,-11.27499962,-8.399999619,-1.654999971,6.980000019,14.03999996,19.23999977,21.70499992,20.53000069,15.58500004,8.270000458,-0.565000057,-8.519999504
45.33333,-93.50833,762,East Twin Lake,9,134,10,6,133,0,15,51,193,32,5,237,617,5,1,34,28.36688581,804.5800171,19.45000076,18.64999962,41.45999908,72.79000092,93.11000061,115.2699966,109.4499969,104.4400024,93.87000275,65.38999939,45.36000061,25.34000015,6.84375,-10.33500004,-7.475000381,-0.799999952,7.569999695,14.27499962,19.54000092,22.01000023,20.79500008,15.76499939,8.545000076,0.065000057,-7.829999924
45.33333,-90.08333,2937,Wood Lake,8,84,3,5,18,0,3,19,22,27,2,113,14,1,65,1,145.966917,807.7600098,26.62999916,22.96999931,42.18000031,66.65000153,84.87000275,102.9899979,95.58999634,98.68000031,106.2799988,74.45999908,52.70999908,33.75,4.569999695,-11.47499943,-9.225000381,-3.28000021,4.724999905,11.375,16.40499878,18.75500107,17.76499939,13.09000015,6.340000153,-1,-8.635000229
45.377,-95.5625,6513,Frovold Lake,4,30,9,0,41,0,3,217.5,545,157.5,3.5,100,116,2,1,11,0.717091972,689.9699707,16.71999931,15.72000027,36.68000031,60.97999954,75.23999786,108.9400024,94.29000092,94,80.23999786,61.90999985,28.77000046,16.47999954,6.485833645,-10.99000072,-8.289999962,-1.454999924,7.265000343,14.25,19.52000046,21.81000137,20.54000092,15.65500069,8.369999886,-0.454999924,-8.38999939
45.4,-93.52222,2518,Stone Lake,2,89,3,7,87,0,9,271,340,111,4,289,501,1,1,37,29.07916012,790.7700195,19.94000053,18.17000008,41.38999939,72.15000153,89.90000153,112.5999985,105.9400024,104.9400024,91.81999969,63.81000137,44.68999863,25.42000008,6.365000248,-10.88499928,-8.015000343,-1.309999943,7.059999943,13.90000057,19.06500053,21.53499985,20.30999947,15.28499985,8.074999809,-0.355000019,-8.284999847
45.40595,-95.39015,8566,Camp Lake,15,64,15.5,1,175,0,37,170,705,110,7,112.5,475,11,0,25,1.52999062,700.25,17.84000015,16.62000084,40.61000061,58.68999863,79.26000214,112.4700012,91.31999969,96.51000214,79.06999969,61.61999893,28.59000015,17.64999962,6.207916737,-11.42500019,-8.635000229,-1.834999919,6.934999943,13.93000031,19.13999939,21.63999939,20.46500015,15.49499989,8.135000229,-0.670000076,-8.680000305
45.4072,-93.0532,6512,Fawn Lake,9,119,15.5,12.5,144,1,12,102.5,197,29,6,269.5,338,3,2.5,16,34.69105181,789.1600342,20.01000023,18.13999939,37.93000031,70.02999878,92.54000092,108.5699997,108.9000015,103.6900024,89.80000305,68.36000061,44.5,26.69000053,6.8125,-10.30500031,-7.440000057,-0.829999924,7.505000114,14.25500011,19.28499985,21.79999924,20.66500092,15.73999977,8.645000458,0.154999971,-7.724999905
45.40895,-93.98172,2557,Toenjes Lake,17,125,12,4,207,0,21,102,652,131,11,321,791,13,1,79,17.8204942,751.2399902,17.52000046,16.27000046,36.91999817,69.44000244,83.86000061,114.9000015,95.73999786,101.4700012,91.06999969,65.09999847,37.08000183,21.87000084,6.384166718,-10.89500046,-8.210000038,-1.340000033,7.090000153,13.96000004,19.18999863,21.61000061,20.37000084,15.36499977,8.149999619,-0.360000134,-8.319999695
45.41111,-93.19722,344,Cedar Bog,1,39,15,17,26,0,2,19,355,9,1,54,71,0,0,2,31.52046248,795.5999756,21.36000061,19.18000031,39.84999847,69.05000305,93.04000092,111.0699997,108.7900009,103.0699997,89.54000092,66.65000153,46.75,27.25,6.66291666,-10.48500061,-7.559999943,-0.930000067,7.375,14.13000011,19.19499969,21.65500069,20.44000053,15.55500031,8.440000534,-0.014999866,-7.84499979
45.425,-93.6875,1544,Lake Ann,24,153,18,20,268,1,28,117,420,65,9,467,690,22,4,70,28.91747143,770.0499878,19.17000008,17.57999992,40.34000015,71.11000061,85.91999817,112.0599976,101.4800034,102.4000015,90.19999695,63.41999817,42.38999939,23.97999954,6.491666794,-10.80000019,-7.954999924,-1.150000095,7.289999962,14.04500008,19.22500038,21.72000122,20.45999908,15.42500019,8.204999924,-0.310000181,-8.255000114
45.425,-93.18333,245,Beckman Lake,20,301,7,38,351,0,35,548,745,216,34,666,828,14,5,83,32.94435439,788.0700073,21,18.79999924,39.31000137,69.05999756,92.44000244,109.4899979,108.1800003,101.8099976,88.43000031,66.58000183,46.04000092,26.93000031,6.650833607,-10.48500061,-7.579999924,-0.950000048,7.350000381,14.11000061,19.15999985,21.65999985,20.48500061,15.53999996,8.414999962,-0.025000095,-7.869999886
45.42809,-93.98148,1359,Jones Lake,4,72,7,2,82,0,12,47,280,43,4,238,271,1,1,17,17.8204942,751.2399902,17.52000046,16.27000046,36.91999817,69.44000244,83.86000061,114.9000015,95.73999786,101.4700012,91.06999969,65.09999847,37.08000183,21.87000084,6.384166718,-10.89500046,-8.210000038,-1.340000033,7.090000153,13.96000004,19.18999863,21.61000061,20.37000084,15.36499977,8.149999619,-0.360000134,-8.319999695
45.44376,-95.27207,9762,Johnson Lake,3,19,5.5,0.5,55,0,7,53,183,18,3.5,41.5,98,3,0,15,2.896183045,696.289978,17.79000092,16.37999916,39.08000183,59.33000183,77.54000092,110.7200012,92.37999725,93.31999969,79.44000244,63.04000092,29.47999954,17.79000092,6.154582977,-11.52000046,-8.699999809,-1.950000048,6.840000153,13.85000038,19.02999878,21.63500023,20.5,15.48999977,8.094999313,-0.690000057,-8.725000381
45.4935,-93.1545,6511,Blomford Lake,10,117,8,2.5,196,0,13,125,267,143,3.5,349,471,4.5,1,25,33.43544674,786.8300171,20.39999962,17.82999992,37.65999985,69.97000122,89.97000122,112.4599991,107.1699982,102.9899979,90.05999756,67.91999817,45.29000092,25.11000061,6.208750248,-10.97000027,-8.045000076,-1.375,6.900000095,13.64999962,18.77000046,21.21000099,19.98500061,15.05000019,8,-0.38499999,-8.284999847
45.57222,-93.40833,2501,Spectacle Lake,10,128,8,12,134,0,7,49,161,35,12,492,260,4,2,39,32.33544884,799.0200195,20.13999939,18.70000076,39.54999924,72.66999817,90.48000336,115.5699997,107.7600021,105.5100021,91.29000092,66.47000122,44.29999924,26.57999992,6.196666718,-11.09500027,-8.119999886,-1.390000105,6.90500021,13.67500019,18.84000015,21.29500008,19.97500038,15.06499958,7.964999676,-0.410000086,-8.345000267
45.59077,-93.06903,10134,Little Horseshoe Lake,30,241,37,18.5,350,0,57,168.5,381.5,135,12,455,658,25,7,51,36.74276355,780.1500244,19.62000084,17.81999969,37.36999893,69.68000031,88.47000122,111.25,103.8199997,102.9400024,90.29000092,70.41999817,43.65000153,24.81999969,6.100833416,-11.11000061,-8.164999962,-1.460000038,6.755000114,13.5,18.59000015,21.13500023,19.89500046,14.94499969,7.930000305,-0.424999952,-8.380000114
45.66667,-87.455,1486,Kitchner Lake,41,472,132,24,84,18,12,17,131,18,49,331,125,6,197,34,126.5742102,790.3599854,37.04999924,27.17000008,50.77000046,67.26999664,80.23999786,81.90000153,91.48999786,75.23000336,91.05999756,79.62999725,68.16999817,40.38000107,5.65749979,-9.130000114,-7.480000019,-2.174999714,4.899999619,11.40999985,16.67000008,19.375,18.59000015,13.99499989,7.380000114,0.479999781,-6.125
45.6745,-95.7125,7541,Lybeck Lake,15,104,2,0,169,0,29,391,1250,103,11,317.5,299,2,3,46,0.36358722,649.4199829,17,14.78999996,33.40999985,56.24000168,73.36000061,100.6100006,92.87999725,80.33000183,76.56999969,61.77000046,26.55999947,15.89999962,6.01208353,-11.64999962,-8.895000458,-2.059999943,6.755000114,13.81999969,18.93000031,21.48999977,20.32500076,15.28499985,7.914999962,-0.869999886,-8.899999619
45.725,-93.46667,2500,South Stanchfield Lake,10,27,4,0,87,0,17,93,208,28,10,657,59,1,0,88,33.04555038,766.7399902,18.95000076,17.87000084,37.70999908,69.44000244,84.29000092,112.5899963,103.4100037,100.5,87.63999939,67.98999786,41.84999847,24.5,5.957083225,-11.40500069,-8.375,-1.619999886,6.674999714,13.45499992,18.61999893,21.09500122,19.77000046,14.82499981,7.715000153,-0.654999971,-8.614999771
45.74944,-93.36417,1582,Lewis Lake,35,155,10,33,251,0,31,28,102,20,7,637,184,16,2,43,34.37643306,771.2299805,19.37000084,18.31999969,38.11999893,68.94000244,84.73000336,111.9300003,103.4400024,100.8199997,88.11000061,69.87000275,42.45000076,25.12999916,5.832916737,-11.49499989,-8.420000076,-1.660000086,6.53000021,13.28499985,18.40499878,20.86999893,19.61000061,14.63000107,7.580000401,-0.674999952,-8.664999962
45.76101,-96.01988,502,Cottonwood Lake,8,42,10,0,72,0,22,147,742,118,11,150,142,4,0,31,0.016753275,645.6199951,20.21999931,17.87999916,35.97999954,54.93000031,70.86000061,97.27999878,92.15000153,72.98000336,75.33000183,60.31000137,26.97999954,20.71999931,5.98083353,-11.76499939,-8.979999542,-2.019999981,6.75,13.88999939,19.02000046,21.50500107,20.25,15.19999886,7.849999905,-0.959999919,-8.969999313
45.78056,-93.27306,1820,Pennington Lake,11,169,13,14,173,0,21,84,186,1631,16,1183,445,5,2,33,36.26846016,767.960022,19.38999939,18.52000046,38.02000046,68.30000305,84.27999878,109.9700012,102.6299973,100.0199966,88,71.69000244,41.86999893,25.27000046,5.806250095,-11.5,-8.430000305,-1.674999952,6.494999886,13.23499966,18.32999992,20.85000038,19.60499954,14.56499958,7.539999962,-0.654999971,-8.684999466
45.78657,-92.21898,9768,Hell Hole Lake,18,312,10,5,128,6,44,37,105,46,18,826,220,3,7,31,61.70594466,798.3300171,21.60000038,20.57999992,38.84999847,67.48999786,87.33999634,106.4300003,103.6600037,104.9000015,95.51000214,76.91999817,46.72000122,28.32999992,5.933750153,-11.05500031,-8.135000229,-1.5,6.390000343,13.09500027,18.02000046,20.72500038,19.63000107,14.61000061,7.869999886,-0.190000057,-8.255000114
45.80155,-95.55285,7538,Lake Rachel,77,251,12,0,549,0,51,168,894,111,7,306.5,976,78,3,95,7.182832409,655.4400024,16.05999947,13.57999992,33.06000137,54.90000153,74.87999725,104.0800018,91.34999847,83.69999695,77.87999725,63.5,27.63999939,14.81000042,5.861666679,-11.86499977,-9.024999619,-2.355000019,6.495000362,13.54500008,18.60499954,21.41500092,20.35499954,15.28499985,7.824999809,-0.914999843,-9.024999619
45.81725,-95.34235,7542,Union Lake,16,123,4,0,232,0,27,130,727,56,11,199.5,452,18,1,58,23.93042185,653.0900269,14.85999966,12.10000038,32.56999969,54.61000061,75.33999634,105.8700027,90.20999908,84.83000183,78.01000214,63.54999924,27.80999947,13.32999992,5.735833645,-12,-9.164999962,-2.444999933,6.355000019,13.40500069,18.48500061,21.33499908,20.25,15.13000011,7.644999981,-1.025000095,-9.13999939
45.84889,-93.16778,2786,Twin Lakes,11,220,8,16,173,0,19,35,165,105,3,1029,275,3,2,22,39.04753566,770.6300049,19.59000015,18.73999977,37.97999954,68.19999695,84.76000214,109.6100006,102.3799973,100.4000015,88.62999725,72.76000214,41.88999939,25.69000053,5.747499943,-11.51499939,-8.48500061,-1.730000019,6.440000057,13.16499996,18.26499939,20.76499939,19.54500008,14.48999977,7.460000038,-0.694999933,-8.73500061
45.8576,-95.4609,7540,Mud Lake,157,328,2,1,576,0,62,239,901,114,14,280,708,118,2,158,19.59417241,650.8400269,15.43000031,12.60999966,33.11000061,53.66999817,74.95999908,105.6399994,90.44000244,84.58000183,77.01000214,62.63000107,27.59000015,13.17000008,5.632916927,-12.10999966,-9.284999847,-2.579999924,6.264999866,13.31999969,18.39500046,21.25,20.16500092,15.02500057,7.545000076,-1.129999876,-9.265000343
45.9915,-89.62075,8574,Fallison Lake,2,107,5,0,19,0,3,4,14,5,1,332,35,1,24,1,108.2389389,798.6099854,28.96999931,22.72999954,41.79999924,64,84.55999756,98.12999725,102.8099976,86.98000336,99.94999695,81.87000275,50.66999817,36.13999939,4.375,-11.22000027,-9.390000343,-3.845000267,4.105000019,11.08500004,16.25500107,18.50500107,17.56999969,12.89000034,6.175000191,-1.125,-8.505000114
46.013,-92.125,10240,Ferry Lake,6,102,1,0,48,0,7,5,141,22,7,545,86,1,3,13,61.60291011,787.2200317,22.15999985,21.46999931,37.95000076,65.45999908,85.54000092,102.9400024,105.8000031,99.87000275,95.73000336,75.87999725,45.47000122,28.95000076,5.697916508,-11.26500034,-8.380000114,-1.765000105,6.134999752,12.88500023,17.78499985,20.45999908,19.38999939,14.43000031,7.625,-0.400000095,-8.524999619
46.05545,-95.26345,7539,Ziebell Lake,10,297,0,9,279,0,34,112,538,47,8,156,649,18,1,42,26.30156377,667.6099854,16.67000008,13.89999962,33.93000031,54.11000061,77.76000214,108.4199982,92.31999969,82.01999664,75.86000061,66.52999878,29.97999954,16.11000061,5.482916355,-12.28999901,-9.425000191,-2.600000143,6.159999847,13.20499992,18.29999924,21.08499908,19.98999977,14.77499962,7.380000114,-1.345000029,-9.440000534
46.06833,-93.68,1771,Lake Onamia,4,121,3,8,51,0,14,22,7303,34,11,669,97,6,0,13,36.93111645,723.6300049,18.32999992,16.86000061,34.79000092,61.88999939,80.15000153,114.4100037,98.13999939,90.04000092,82.11000061,67.20999908,38.77000046,20.93000031,5.108333588,-12.30000019,-9.444999695,-2.489999771,5.595000267,12.52499962,17.67499924,20.24500084,19.05500031,14.05500031,7.109999657,-1.340000033,-9.385000229
46.08611,-93.10278,2855,White Lily Lake,13,247,13,13,83,0,13,33,72,38,6,678,118,6,0,10,46.08247624,758.5599976,20.14999962,18.88999939,37.63999939,61.50999832,82.30999756,110.4599991,100.2399979,95.83999634,90.16000366,74.51000214,40.34999847,26.5,5.088749886,-12.17500019,-9.135000229,-2.409999847,5.679999828,12.30500031,17.38000107,19.90499878,18.89999962,13.91499996,7.005000114,-1.069999933,-9.23500061
46.11935,-92.03985,10412,Warner Lake,2,70,7,6,42,0,3,44,179,10,43,541.5,69,0,6,3,62.11592256,786.9100342,23.39999962,22.39999962,37.90000153,63.56000137,85.12999725,100.4599991,107.6600037,97.33000183,97.83000183,76.58999634,45.40000153,29.25,5.327083588,-11.49499989,-8.690000534,-2.210000038,5.640000343,12.3550005,17.26000023,20.01499939,19.03499985,14.14000034,7.319999695,-0.679999828,-8.76499939
46.12806,-93.70389,238,Black Bass Lake,8,152,5,14,92,0,18,42,85,208,6,642,95,2,2,12,37.12642809,732.960022,19.68000031,18.52000046,35.38999939,62.36000061,80.76000214,114.2799988,100.0299988,89.83000183,82.19999695,68.02999878,39.59000015,22.29000092,5.043749809,-12.30999947,-9.550000191,-2.605000019,5.5,12.46500015,17.60000038,20.17499924,19,14.00499916,7.069999695,-1.38500011,-9.440000534
46.14469,-86.48299,11610,Lorraine Lake,79,926,161,31,114,121,13,57,158,30,111,1629,140,2,630,42,131.1356713,827.0800171,57.20999908,37.95999908,51.15999985,63.36000061,67.58999634,79.86000061,70.19000244,84.15000153,90.88999939,91.88999939,75.41999817,57.40000153,5.601666451,-8.175000191,-7.305000305,-2.604999781,4.300000191,10.78000069,16.00499916,18.76499939,18.25499916,14.04500008,7.404999733,1.015000105,-5.264999866
46.16529,-95.32412,10135,Cora Lake,10,108,8,5,127,0,18,73,431,59.5,3.5,188.5,269,5,0,35,23.56116179,665.1300049,16.70000076,13.63000011,32.83000183,53.43999863,78.77999878,109.25,92.55999756,80.94000244,75.26999664,66.51999664,29.26000023,15.94999981,5.10041666,-12.65999985,-9.885000229,-2.995000124,5.710000038,12.81000042,17.95000076,20.70000076,19.61999893,14.375,7,-1.670000076,-9.75
46.17389,-95.91528,530,Dalton Lake,2,72,10,2,97,0,22,140,535,78,10,134,385,14,0,20,7.76233176,639.2600098,17.60000038,13.31999969,30.13999939,49.84999847,77.43000031,102,88.80000305,81.08000183,76.51000214,61.79999924,26,14.72999954,5.597916603,-12.32499981,-9.5,-2.61500001,6.380000114,13.50500011,18.59000015,21.29500008,20.25500107,15.02999973,7.510000229,-1.475000024,-9.475000381
46.18444,-95.30694,2792,Upper Graven Lake,1,56,8,1,47,0,3,41,331,156,7,52,125,1,0,9,23.82542468,666.5200195,16.62999916,13.67000008,32.95000076,53.61999893,79.01000214,109.4599991,92.58000183,80.77999878,75.45999908,66.69000244,29.57999992,16.09000015,5.143750191,-12.63500023,-9.805000305,-2.950000048,5.789999962,12.86499977,18,20.75500107,19.66500092,14.38999939,7.014999866,-1.620000124,-9.744999886
46.19165,-95.4687,7536,Perch Lake,23,223,0,0,347,0,46,118,673,111,8.5,282,639,10,1,58,20.87041402,661.9799805,16.98999977,13.38000011,32.36000061,52.52999878,79.19999695,109.7399979,92.37000275,80.80000305,75.01999664,65.75,28.20999908,15.63000011,4.924583435,-12.81999969,-10.09499931,-3.244999886,5.489999771,12.58500004,17.75499916,20.5,19.47000122,14.24499989,6.875,-1.785000086,-9.880000114
46.205,-85.0215,10168,Trout Lake Bog,0,60,5,4,32,1,1,182,39,27,20,301,14,3,8,3,112.6181656,830.9299927,47.97000122,36.08000183,51.22000122,63.70999908,69.62000275,67.11000061,74.98999786,85.34999847,101.6600037,97.70999908,73.19999695,62.31000137,5.01208353,-9.104999542,-8.194999695,-3.640000105,3.90500021,10.40499973,15.5,18.13500023,17.67000008,13.45499992,6.880000114,0.774999976,-5.639999866
46.21194,-95.28417,1979,Reidel Lake,4,71,3,14,109,0,7,45,139,27,11.5,105.5,114,3,0,17,23.82542468,666.1300049,16.61000061,13.56999969,32.86999893,53.38999939,79.44000244,109.7099991,92.76999664,80.06999969,75.33999634,66.76999664,29.52000046,16.06999969,5.048749924,-12.70000076,-9.905000687,-2.980000019,5.690000057,12.76000023,17.88999939,20.61000061,19.53499985,14.2699995,6.934999943,-1.715000033,-9.805000305
46.21889,-94.75333,801,Fawn Lake,9,177,4,6,144,0,19,36,151,27,6,321,229,1,2,23,26.30940102,691.7000122,18.68000031,15.92000008,34.99000168,55.70000076,81.40000153,112.5100021,93.95999908,81.38999939,77.59999847,68.02999878,33.06999969,18.45000076,5.208750248,-12.47500038,-9.515000343,-2.595000267,5.894999981,12.91499996,18.04000092,20.70000076,19.53499985,14.21500015,7.050000191,-1.600000024,-9.659999847
46.27058,-94.55156,269,Billy's Lake,4,236,0,1,179,0,9,31,188,79,7,659,157,3,1,18,28.25611396,692.1900024,18.01000023,16.22999954,35.81999969,57.04000092,80.91000366,109.1299973,94.62999725,80.87000275,79.5,68.36000061,33.36000061,18.32999992,5.061666489,-12.55500031,-9.625,-2.694999933,5.704999924,12.7699995,17.91499901,20.49500084,19.29999924,14,6.884999752,-1.700000048,-9.755000114
46.30235,-91.166,8567,Adeline Lake,10,319,8,0,54,0,9,15,51,17,7,499,90,0,33,18,84.27332737,868.6500244,29.51000023,24.29999924,41.84000015,72.69000244,89.18000031,105.4499969,119.4199982,100.6699982,107.0500031,85.18000031,60.41999817,32.93999863,5.116666317,-11.37000084,-8.744999886,-2.605000019,4.909999847,11.99499989,17.08499908,19.63999939,18.77000046,14.16499996,7.105000019,-1.015000105,-8.534999847
46.3073,-91.19829,10352,Hemlock Lake,16,444,15,2,99,0,13,37,124,74,10,634,73,3,37,0,84.27332737,872.1500244,29.61000061,24.34000015,41.83000183,73.04000092,89.51000214,105.8499985,120.3099976,101.0299988,107.2900009,85.34999847,61.08000183,32.90999985,5.144999981,-11.39500046,-8.635000229,-2.599999905,4.950000286,12.04500008,17.12999916,19.66500092,18.79000092,14.18499947,7.114999771,-1.00999999,-8.5
46.34159,-94.408,1772,Ondris Pond,10,126,4,2,101,0,11,79,186,119,6,571,155,3,2,18,31.00221494,683.9799805,17.54999924,15.43000031,34.70999908,55.11999893,81.33999634,108.3600006,96.25,79.52999878,78.08000183,68.01000214,32.27999878,17.31999969,5.185833454,-12.30999947,-9.534999847,-2.525000095,5.789999962,12.86999989,17.94499969,20.57999992,19.38500023,14.06999969,6.985000134,-1.485000014,-9.539999962
46.35333,-92.87028,1514,Kryzewinski Lake,9,220,16,5,59,0,9,24,58,38,11,679,67,0,0,11,50.27091813,757.9299927,20.59000015,17.76000023,36.25,59.58000183,79.47000122,113.9599991,104,96.98999786,93.41999817,68.02999878,43.50999832,24.37000084,4.934166431,-12.05500031,-9.114999771,-2.585000038,5.364999771,11.88000011,16.89999962,19.76499939,18.79500008,13.81500053,6.920000076,-1.195000052,-9.279999733
46.3815,-91.4935,8572,Elevenses Lake,3,60,6,0,20,0,2,4,14,2,6,239,22,0,5,6,68.27749253,816.5499878,25.44000053,22.68000031,40.41999817,68.16000366,83.91000366,100.4499969,110.8899994,97.19000244,103.0199966,80.93000031,52.45999908,31,5.025000095,-11.5899992,-8.829999924,-2.625,4.920000076,11.84500027,16.92000008,19.65999985,18.76000023,13.94499969,7.019999981,-0.975000024,-8.75
46.41694,-92.71694,1128,Jacobson Lake,3,94,17,7,17,0,1,18,19,20,6,489,23,2,1,3,51.3733479,770.460022,20.22999954,19.42000008,34.34999847,60.84999847,81.59999847,111.6500015,106.8499985,99.65000153,93.66999817,73.33000183,42.97999954,25.87999916,4.785000324,-12.04500008,-9.210000038,-2.774999619,5.119999886,11.59000015,16.56500053,19.59500122,18.67000008,13.70499992,6.845000267,-1.285000086,-9.354999542
46.47,-86.95833,2502,Spirit Lake,35,476,18,3,44,35,12,24,28,12,35,302,55,2,266,31,112.9918793,828.710022,53.38000107,36.56999969,47.18000031,57.72999954,73.16999817,78.48999786,81.43000031,80.80000305,93.19999695,95.90000153,71.51000214,59.34999847,5.736666679,-7.550000191,-6.720000267,-2.279999733,3.999999762,10.19499969,15.28499985,18.53000069,18.45499992,14.47000027,7.909999847,1.435000062,-4.890000343
46.51205,-93.66005,6515,Olson Lake,11,184,36,23.5,206,0,13,83,88,97,22.5,539,83,2,1,22,45.89905622,720.4299927,21.36000061,16.61000061,36.81000137,58.25,79.75,110.6299973,102.6399994,84.40000153,81.56999969,68.56999969,38.72000122,21.12000084,4.777083397,-12.40999985,-9.675000191,-2.739999771,5.28000021,12.17499924,17.17499924,19.72999954,18.54500008,13.61000061,6.809999943,-1.61499989,-9.559999466
46.52052,-86.35387,10316,Buck Lake,7,97,20,0,39,3,5,18,24,10,12,83,17,0,18,2,82.96611476,846.6699829,62.18000031,39.77999878,48.54999924,56.70000076,70.37000275,75.79000092,79.98999786,79.12000275,96.98000336,97.15000153,72.58999634,67.47000122,5.152916908,-8.31499958,-7.494999886,-2.86500001,3.514999866,9.909999847,14.97500038,17.99500084,17.72999954,13.875,7.119999886,0.840000033,-5.449999809
46.54264,-86.0378,9738,Tower Lake,33,71,1,0,14,56,0,2,24,15,0,48.5,11,0,21,4,71.30751072,804.6699829,57.81999969,35.91999817,46.45000076,49.70000076,66.76000214,73.52999878,77.94999695,77.23000336,93.48000336,92.97000122,69.88999939,62.97000122,4.855833054,-8.960000038,-8.090000153,-3.659999847,3.375000238,10.06999969,15.24499989,17.90999985,17.39999962,13.6449995,6.760000229,0.470000148,-5.894999981
46.55,-94.13333,1078,Hostage Lake,3,25,3,3.5,24,0,3,12.5,23,9.5,1.5,213,21,0,0,3,38.43682517,707.2200317,20.29000092,16.90999985,37.38000107,55.41999817,83.44000244,103.1399994,99.08000183,82.54000092,78.08000183,73.88999939,36.86000061,20.19000053,5.121666431,-12.30500031,-9.635000229,-2.609999657,5.740000248,12.73999977,17.81999969,20.42499924,19.25499916,14.03499985,7.039999962,-1.504999995,-9.539999962
46.58333,-92.46667,938,Goldsmith Lake,6,220,17,4,50,0,2,19,46,40,19,541,46,0,8,14,52.76816516,788.039978,23.04999924,19.15999985,34.79999924,62.06999969,82.55999756,107.6399994,106.1399994,98.90000153,103.8199997,75.02999878,47.72000122,27.14999962,4.534166813,-11.99499989,-9.229999542,-3.029999733,4.589999676,10.96000004,15.91499996,19.15999985,18.52000046,13.56500053,6.730000019,-1.390000105,-9.385000229
46.61506,-88.86036,11611,Penegor Lake,61,630,20,2,56,0,6,1,84,1,16,258,51,8,137,20,157.450906,778.5899658,38.61000061,26.59000015,47.45999908,51.86999893,77.97000122,90.26999664,89.59999847,85.27999878,86.08999634,88.26999664,56.34999847,40.22999954,4.502916813,-10.46999931,-9.010000229,-3.61500001,3.914999962,10.72000027,15.89500046,18.30000114,17.49499893,12.96500015,6.409999847,-0.794999957,-7.775000095
46.63361,-92.61472,290,Bob Lake,3,235,23,18,66,0,6,25,39,20,35,729,42,1,2,9,51.72975931,783.4799805,23.15999985,19.54999924,34.79000092,60.47000122,82.40000153,108.4100037,106.1299973,98.05999756,102.0400009,74.55000305,46.63000107,27.29000092,4.459583282,-12.13499928,-9.414999962,-3.134999752,4.639999866,11.18000031,16.14500046,19.13500023,18.32999992,13.375,6.519999981,-1.590000033,-9.534999847
46.66222,-96.25,2497,Solum Lake,10,81,8,2,114,1,19,181,682,122,10,155,187,9,2,23,3.012892333,635.8599854,18.84000015,13.64000034,29.70000076,40.56000137,83.38999939,105.3799973,88.37999725,75.30000305,75.91000366,63.25999832,25.04000092,16.45999908,5.292083263,-12.71000004,-9.925000191,-2.865000248,6.130000114,13.29999924,18.34000015,21.05500031,20.13000107,14.68499947,7.195000172,-1.820000052,-10.01000023
46.66667,-88.01667,325,Camp 11 Lake,9,123,19,2,17,0,1,7,3,9,14,332,16,0,16,2,132.677884,851.6799927,47.72999954,35.45999908,54.33000183,67.01999664,77.34999847,84.19999695,95.33999634,87.16000366,90.22000122,95.12000275,66.22000122,51.52999878,4.042916775,-10.8949995,-8.899999619,-3.59499979,3.400000095,10.21999931,15.625,17.88000107,16.92000008,12.34500027,5.764999866,-1.745000124,-8.505000114
46.71944,-87.97207,1613,Lost Lake,28,311,20,1,54,0,3,17,17,5,39,597,39,2,9,8,130.9430663,859.6500244,49.86000061,37.97000122,57.02999878,67.70999908,77.80000305,82.37999725,91.09999847,85.72000122,91.15000153,95.69999695,69.29000092,53.93999863,4.416666985,-10.51000023,-8.619999886,-3.569999695,3.730000019,10.55500031,15.95000076,18.30500031,17.39999962,12.83500004,6.220000267,-1.264999986,-8.029999733
46.72,-92.62,1510,Kotiranta Lake,5,188,30,35,57,0,0,0,45,0,89,534,42,0,0,0,50.71549917,784.2700195,23.72999954,19.71999931,34.83000183,59.63999939,82.11000061,107.6399994,105.8499985,97.81999969,103.4599991,74.66999817,47.24000168,27.55999947,4.35041666,-12.21999931,-9.494999886,-3.225000143,4.510000229,11.13999939,16.13000107,18.97999954,18.15999985,13.22999954,6.340000153,-1.684999943,-9.659999847
46.77186,-95.89623,9735,Lake Sallie,23,162,7.5,2,206,0,45,210,1349,303,37.5,390.5,614,27,0,97,18.49732094,661.7000122,15.52999973,12.46000004,28.95999908,42.25,82.76999664,111.0199966,95.5,81.54000092,81.80000305,69.65000153,24.12000084,16.10000038,4.960000038,-12.85000038,-10.25500011,-3.120000362,5.735000134,12.80000019,17.81500053,20.65999985,19.77999878,14.25500107,6.849999905,-1.949999928,-10.19999981
46.83333,-87.92139,2956,Canyon Lake,11,64,8,0,14,0,2,3,12,2,1,101,12,2,58,5,123.4316405,789.9500122,50.04999924,37.54999924,51,59.54000092,71,75.66000366,74.80000305,75.16000366,88.76000214,86.26000214,66.48000336,53.68999863,5.213749886,-8.710000038,-7.375,-2.940000057,3.664999962,10.01499939,15.50499916,18.64500046,18.20999908,13.82999992,7.260000229,0.475000024,-6.014999866
46.86667,-94.75,1721,Mud Lake (US:Minnesota:Hubbard),1,31.5,5,2,41,0,1,29.5,36,9.5,10.5,359.5,23,0,0,10,29.56675153,678.8699951,15.81999969,12.71000004,34.65999985,51.33000183,77.02999878,104.5199966,102.2600021,83.30000305,77.02999878,71.22000122,32.34000015,16.64999962,4.479166985,-13.24499989,-10.43499947,-3.339999914,5.135000229,12.2699995,17.32500076,19.95000076,18.95000076,13.51499939,6.375,-2.360000134,-10.38999939
46.95,-94.95,2851,Wentzel's Pond,3,30,3,1,57,0,5,97,103,47,6.5,400.5,31,1,0,4,27.79355692,668.4000244,16.30999947,13.31000042,31.25,48.31999969,79.15000153,104.2900009,100.0599976,83.04000092,76.33000183,69.01000214,29.95000076,17.37999916,4.460000038,-13.47999954,-10.63500023,-3.464999914,5.230000019,12.32999992,17.375,20.07500076,19.18499947,13.68999958,6.375,-2.515000105,-10.64500046
46.96667,-95.31667,1827,Peterson Slough,5,127,13.5,8.5,86.5,0,19,52.5,191,57,34,739,162,2,1,30,23.01737392,662.5299683,17.01000023,13.22999954,29.43000031,45.15999985,79.33999634,107.8899994,98.86000061,79.94999695,77.01000214,68.55000305,28.70999908,17.38999939,4.392499924,-13.33499908,-10.57000065,-3.490000248,5.03000021,12.17500019,17.23500061,19.93499947,19.01499939,13.52000046,6.295000076,-2.460000038,-10.64000034
46.97316,-94.68138,11606,Steel Lake,2,60,5,1,31,0,4,13,49,6,8,201,22,0,0,6,31.35592023,684.3599854,16.92000008,13.65999985,33.20000076,51.72999954,79.34999847,103.2900009,102.3499985,82.01000214,79.94999695,70.37000275,33.34000015,18.19000053,4.530833244,-13.13000011,-10.28499985,-3.294999838,5.085000038,12.30000019,17.31500053,19.93499947,18.93499947,13.50500011,6.534999847,-2.285000086,-10.24499989
47.081,-94.113,1901,Portage Lake,15,248,42,14,103,0,14,50,160,19,33,1097,83,6,5,13,44.1591922,697.3800049,19.32999992,14.46000004,31.12000084,50.24000168,79.94000244,101.7300034,104.0699997,84.56999969,84.83999634,71.16999817,35.08000183,20.82999992,4.516666889,-13.08500099,-10.10499954,-3.065000057,5.119999886,12.21500015,17.15999985,19.70000076,18.59500122,13.46500015,6.5,-2.079999924,-10.22000027
47.12394,-95.39721,221,Bad Medicine Lake,4,160,4,6,121,0,5,17,125,14,7,505,68,0,0,13,23.29310609,661.0299683,17.37000084,13.56999969,28.72999954,42.59999847,78.5,109.5199966,99.62000275,79.93000031,76.69999695,67.34999847,29.20999908,17.93000031,4.161250114,-13.38000011,-10.67999935,-3.644999981,4.700000286,11.81999969,16.93499947,19.71999931,18.72500038,13.125,5.980000019,-2.585000038,-10.78000069
47.133,-95.47461,999,Hemo Pond,7,300,13,5,226,0,19,313,452,56,27,439,451,11,0,70,22.71367725,658.5800171,17.31999969,13.60000038,28.43000031,42.15999985,78.40000153,109.75,99.54000092,79.73999786,76.30999756,66.86000061,28.76000023,17.70999908,4.122499943,-13.41499996,-10.7699995,-3.645000219,4.674999714,11.7699995,16.84000015,19.54500008,18.63000107,13.10999966,5.989999771,-2.504999876,-10.75500011
47.13333,-93.68333,2310,Siseebakwet South,6,248,13,10,55,0,11,25,55,12,17,250.5,28,4,1,8,48.7409238,714.1699829,21.37000084,15.25,31.20999908,51.52999878,79.81999969,103.5400009,104.3499985,86.86000061,87.26999664,71.43000031,38.43000031,23.11000061,4.059166908,-13.39999962,-10.36499977,-3.465000153,4.585000038,11.62000084,16.63500023,19.23500061,18.21500015,13.00499916,5.949999809,-2.625,-10.68000031
47.13333,-93.66667,274,Blandin Pond,9,264,9,5,88,0,9,32,49,42,9.5,423.5,47,3,0,11,48.7409238,714.1699829,21.37000084,15.25,31.20999908,51.52999878,79.81999969,103.5400009,104.3499985,86.86000061,87.26999664,71.43000031,38.43000031,23.11000061,4.059166908,-13.39999962,-10.36499977,-3.465000153,4.585000038,11.62000084,16.63500023,19.23500061,18.21500015,13.00499916,5.949999809,-2.625,-10.68000031
47.165,-95.55833,820,Fox Pond,16,494,19,7,167,0,7,60,194,54,26,572,167,6,0,67,22.24492018,654.3499756,17.26000023,13.90999985,27.86000061,40.97000122,78.38999939,110.3099976,100.0100021,79.51000214,75.27999878,64.95999908,28.36000061,17.53000069,4.183750153,-13.30999947,-10.86000061,-3.595000029,4.699999809,11.82999992,16.90500069,19.63999939,18.72999954,13.24000072,6.065000057,-2.40500021,-10.73500061
47.17087,-95.70266,1664,McCraney Lake,7,247,13,10,136,0,8,36,169,11,18,522,145,6,0,54,20.77658729,649.6799927,17.76000023,14.38000011,27.11000061,39.09000015,78.27999878,111.0899963,98.69999695,80.26000214,74.15000153,62.91999817,28.12999916,17.80999947,4.466249943,-13.375,-10.78499985,-3.519999981,5.210000038,12.39999962,17.35499954,20.02499962,19.18000031,13.69999981,6.460000038,-2.380000114,-10.67500019
47.17231,-94.93897,371,Cindy Pond,3,190,1,6,116,0,4,27,81,15,14,849,52,0,0,9,27.67456195,669.4400024,17.56999969,13.47999954,29.69000053,45.36000061,78.26000214,105.8199997,100.6200027,80.68000031,78.52999878,69.13999939,31.53000069,18.76000023,4.201250076,-13.61499977,-10.80999947,-3.820000172,4.845000267,12.01000023,17.11000061,19.81999969,18.98500061,13.32499981,6.139999866,-2.760000229,-10.81499958
47.17398,-94.94397,1652,Martin Pond,5,480,11,14,230,0,19,69,155,151,20,1274,138,1,0,13,27.67456195,669.4400024,17.56999969,13.47999954,29.69000053,45.36000061,78.26000214,105.8199997,100.6200027,80.68000031,78.52999878,69.13999939,31.53000069,18.76000023,4.201250076,-13.61499977,-10.80999947,-3.820000172,4.845000267,12.01000023,17.11000061,19.81999969,18.98500061,13.32499981,6.139999866,-2.760000229,-10.81499958
47.1775,-95.16268,292,Bog D Pond,6,174,13,37,92,0,5,47,260,25,38,952,64,0,0,9,25.07159654,678.9700317,18.25,13.25,29.98999977,44.81000137,78.80999756,109.4300003,101.0199966,81.05000305,79.61000061,71.12000275,32.18000031,19.45000076,4.024166584,-13.79500008,-10.80999947,-3.800000191,4.68500042,11.80500031,16.95999908,19.70000076,18.69000053,12.94499969,5.760000229,-2.869999886,-10.9800005
47.18154,-95.86866,1076,Blocknic Lake [Horse Pond],8,156,14,3,156,0,17,205,412,60,23,351,234,7,0,34,2.561243087,642.8800049,17.56999969,14.43000031,27.28000069,38.47999954,78.08000183,111.4800034,94.19000244,80.04000092,74.09999847,62.22999954,27.04999924,17.95000076,4.707499981,-13.40999985,-10.64000034,-3.385000229,5.635000229,12.78499985,17.71999931,20.35000038,19.54500008,14.06499958,6.724999905,-2.355000019,-10.54500008
47.18247,-95.73495,508,Crazy Pond,10,398,11,38,183,0,9,83,509,40,20,353,213,11,1,50,20.77658729,649.0100098,17.82999992,14.5,27.02000046,38.84000015,78.33000183,111.2300034,98.09999847,80.44000244,74.06999969,62.63999939,28.07999992,17.93000031,4.492500305,-13.35000038,-10.76500034,-3.5,5.255000114,12.43500042,17.38500023,20.04500008,19.22000122,13.73499966,6.485000134,-2.369999886,-10.66499996
47.18919,-95.21787,10091,Elk Lake,18.5,583,71.5,63,508,0,51,204,699,245.5,270.5,3462.5,242,6,0,55,25.07159654,681.1799927,18.29999924,13.67000008,30.32999992,45.27999878,78.43000031,110.6500015,100.6200027,81.51000214,79.69000244,70.52999878,32.43999863,19.72999954,4.13041687,-13.77499962,-10.85000038,-3.78000021,4.799999714,11.96000004,17.09000015,19.81000137,18.84500122,13.1600008,5.949999809,-2.740000248,-10.90499973
47.19075,-95.77364,1978,Reichow Pond,2,430,5,2,246,0,15,85,220,41,23,300,286,15,0,92,14.26411152,650.4099731,18.15999985,15.10000038,26.70999908,38.13999939,78.38999939,111.4599991,99.16999817,81.62000275,73.25,61.04000092,29.05999947,18.30999947,4.48791647,-13.44499969,-10.78999996,-3.549999714,5.260000229,12.48999977,17.41500092,20.06999969,19.25,13.7699995,6.474999905,-2.410000086,-10.68000031
47.19324,-95.78665,2548,Quallen Lake [Terhell Pond],7,341,8,2,216,0,17,68,261,71,28,347,245,51,0,106,14.26411152,650.4099731,18.15999985,15.10000038,26.70999908,38.13999939,78.38999939,111.4599991,99.16999817,81.62000275,73.25,61.04000092,29.05999947,18.30999947,4.48791647,-13.44499969,-10.78999996,-3.549999714,5.260000229,12.48999977,17.41500092,20.06999969,19.25,13.7699995,6.474999905,-2.410000086,-10.68000031
47.19482,-96.09332,2550,Thompson Pond,3,134,1,1,141,0,11,195,658,121,17,230,135,5,0,27,4.9404068,626.9899902,17.36000061,13.77000046,27.38999939,37.02000046,76.56999969,113.4700012,87.98999786,77.40000153,72.76999664,60.13999939,25.43000031,17.68000031,4.965000153,-13.26000023,-10.44499969,-3.175000191,5.960000038,13.11499977,18.02500153,20.625,19.875,14.3949995,7.005000114,-2.194999933,-10.34500027
47.2036,-95.75552,959,Grice Pond,7,211,10,2,135,0,12,75,148,37,17,302,170,13,1,39,20.77658729,651.75,18.18000031,15.07999992,26.62999916,38.25999832,78.48999786,111.3099976,100.2699966,81.55999756,73.26000214,61.18000031,29.27000046,18.26000023,4.429999828,-13.39000034,-10.81500053,-3.569999933,5.135000229,12.36000061,17.29999924,19.98999977,19.15499878,13.66499996,6.40500021,-2.380000114,-10.69499969
47.20889,-95.83333,2273,Sedivy Lake,13,308,30,6,287,0,16,169,572,68,43,670,459,14,1,86,14.26411152,647.0900269,17.90999985,14.97000027,26.98999977,38.20000076,78.12000275,111.5400009,96.80000305,81.40000153,73.45999908,61.13999939,28.32999992,18.22999954,4.599166393,-13.49500084,-10.73500061,-3.475000143,5.5,12.68000031,17.60000038,20.21500015,19.42499924,13.95000076,6.609999657,-2.440000057,-10.64500046
47.22823,-95.27284,10132,Ozawindib Lake,39,1119,58,43,960,0,86,284,897,2066,125,3181,497,7,0,98,23.42645866,676.25,18.03000069,13.75,29.94000053,44.59999847,78.38999939,110.6200027,100.4800034,81.15000153,78.81999969,69.33000183,31.77000046,19.37000084,3.811666727,-13.90499973,-10.75,-3.870000124,4.474999905,11.51500034,16.73500061,19.52000046,18.41499901,12.57500076,5.369999886,-3.140000105,-11.19999981
47.24476,-95.00772,1701,Lake Minnie,8,152,11,21,120,0,14,34,164,25,28,2001,79,0,2,16,27.03813435,666.4899902,17.63999939,13.57999992,29.15999985,44.72999954,77.80000305,106.3300018,100.0199966,79.86000061,78.05000305,68.77999878,31.56999969,18.96999931,4.24458313,-13.68500042,-10.77000046,-3.644999981,4.845000267,12.09500027,17.18499947,19.82999992,18.86000061,13.33500004,6.18500042,-2.565000057,-10.73499966
47.27246,-96.09405,795,Faith Pond,6,117,11,6,105,0,13,246,323,29,20,211,145,2,2,25,3.08701524,625,17.87000084,14.15999985,27.11000061,37.15000153,75.65000153,113.4599991,87.34999847,78.59999847,71.36000061,59.29999924,25.14999962,17.84000015,4.956249714,-13.40500069,-10.51000023,-3.170000076,6.034999847,13.18000031,18.06999969,20.61000061,19.90999985,14.43499947,7.034999847,-2.305000067,-10.40999985
47.286,-93.60047,1590,Little Bass Lake,1,75,8,3,27,0,1,9,23,5,11,192,11,1,0,0,47.17489808,704.5499878,21.37000084,15.14000034,29.62000084,48.38999939,78.33999634,102.3000031,105.75,88.19999695,84.91000366,69.62999725,37.25,23.64999962,4.462500095,-13.14000034,-9.994999886,-3.059999943,5.085000038,12.02500057,17.03499985,19.60000038,18.57999992,13.45999908,6.444999695,-2.164999962,-10.31999969
47.33732,-95.16525,10142,LaSalle Lake,23,439,88,45,346,1,27,132,436,21,117,3299,182,4,0,40,23.52489701,663.5299683,17.68000031,13.88000011,28.87999916,43.77999878,77.94999695,107.5299988,99.08999634,78.77999878,77.34999847,68.36000061,31.20000076,19.04999924,4.094583511,-13.84499931,-10.89999962,-3.824999809,4.710000038,11.94499969,17.06999969,19.72500038,18.79000092,13.13999939,5.964999676,-2.730000019,-10.90999985
47.47167,-91.66,2849,Weber Lake,11,609,106,79,167,0,15,45,189,0,582,1477,64,3,15,7,39.9558853,747.4500122,25.65999985,19.68000031,30.01000023,54.09999847,76.80000305,99.95999908,103.7399979,92.65000153,94.76000214,73.65000153,46.97999954,29.45999908,3.145416498,-13.47000027,-10.7300005,-4.154999733,3.2900002,10.35499954,15.31999969,17.92000008,16.95499992,11.98499966,4.855000019,-3.700000286,-10.88000011
47.55918,-94.97078,266,Big John Pond,0,10,1,1,16,0,0,43.5,17,14,6,164.5,3,0,0,1,23.68932552,643.0499878,17.70000076,13.39000034,25.70000076,42.00999832,75.01000214,102.5800018,97.41999817,82.69999695,76.94999695,60.45000076,31,18.13999939,4.175000191,-13.72499943,-10.74499989,-3.704999924,4.65500021,11.94499969,17.13500023,19.78499985,18.77000046,13.28999996,6.120000362,-2.579999924,-10.84499931
47.6,-96.16667,1988,Rholl Lake,1,156,12,0,190,0,8,55,278,31,10,178,177,8,1,16,12.11113301,610.2700195,17.69000053,14.06999969,24.93000031,33.11999893,76.15000153,105.6800003,87.31999969,79.83000183,71.12999725,56.86000061,25.02000046,18.46999931,4.310832977,-14.12000084,-11.3550005,-3.810000181,5.385000229,12.51000023,17.55500031,20.01499939,19.18499947,13.74499989,6.400000095,-2.809999943,-10.97000027
47.68381,-95.3984,10211,Deep Lake,3,99,9,5,24,0,7,27,120,16,33,321,29,2,0,22,16.71657382,623.7700195,17.09000015,14.59000015,25.34000015,34.5,74.51000214,106.1500015,93.19999695,80.44000244,69.98999786,61.34999847,27.79000092,18.81999969,3.979999781,-14.125,-11.09500027,-3.965000153,4.585000038,11.84500027,16.98999977,19.57999992,18.61999893,13.13500023,5.964999676,-2.734999895,-11.03999996
47.91667,-91.86667,2293,Shagawa Lake,11,431,202,41,240,0,19,98,195,77,196,1507,75,2,4,14,25.81796305,747.3099976,28.67000008,17.80999947,28.37999916,50.58000183,77.66999817,98.02999878,104.2600021,95.41000366,95.63999939,77.05999756,45.47000122,28.32999992,3.371249676,-14.51000023,-11.64500046,-4.710000038,3.799999952,10.89000034,16.31500053,18.78999901,17.72999954,12.60499954,5.404999733,-2.890000105,-11.32500076
47.92417,-91.99472,318,Burntside Lake,4,215,87,19,148,0,6,47,91,85,130,1483,23,1,5,4,25.36759291,738.7000122,26.87999916,17.75,27.06999969,49.43000031,77.56999969,100.8399963,103.5699997,94.36000061,96,75.26000214,43.47000122,26.5,3.316666842,-14.52999973,-11.6449995,-4.710000038,3.855000019,10.85000038,16.28499985,18.68000031,17.60000038,12.5,5.269999981,-3.005000114,-11.35000038
47.95833,-90.93333,1101,Hug Lake,27,1522,538,122,985,0,20,231,375,128,1119,2744,135,0,35,39,20.50935213,729.7000122,27.15999985,19.90999985,25.62999916,50.77000046,75.44000244,99.12000275,96.80999756,92.48000336,94.55000305,71.58000183,46.20999908,30.04000092,3.185416698,-14.55000019,-11.20499992,-4.805000305,3.474999905,10.74500084,15.67500019,18.75,17.49500084,12.30999947,4.880000114,-3.480000019,-11.06499958
47.98261,-93.3853,1729,Myrtle Lake,2,250,43,61,79,0,8,56,82,19,126,838,61,0,1,10,37.17493545,689.710022,21.39999962,15.06000042,26.02000046,45.25999832,76.43000031,105.6100006,101.0899963,87.86000061,84.11000061,66.23000336,37.47999954,23.15999985,3.572083235,-14.44499969,-11.30500031,-4.119999886,4.424999714,11.34000015,16.30999947,18.80500031,17.69499969,12.71500015,5.690000057,-2.869999886,-11.375
48.09876,-92.01054,1815,Third Lake,3,358,33,32,273,0,12,1647,331,39,436,2466,64,1,5,15,23.65611774,718.3900146,24.55999947,17.14999962,26.13999939,47.83000183,76.37999725,101.2799988,101.8300018,92.11000061,93,71.62999725,41.22000122,25.26000023,3.270833492,-14.50499916,-11.63999939,-4.714999676,3.835000038,10.7850008,16.17499924,18.57999992,17.48999977,12.39999962,5.235000134,-3.019999981,-11.37000084
48.18333,-92.18333,697,Dogfish Lake,11,542,122,43,332,1,18,85,208,118,355,2361,80,2,2,19,22.61315411,700.4299927,22.45000076,16.68000031,24.95999908,46.41999817,74.45999908,102.1500015,101.1999969,91.25,89.56999969,68.12000275,39.18999863,23.97999954,3.311666727,-14.4800005,-11.67500019,-4.715000153,3.894999981,10.875,16.23999977,18.625,17.52500153,12.47500038,5.309999943,-2.950000048,-11.38500023
